参半口腔,恭喜@smallkitten @tlcfbb004 @a820649480 @猫猫是个探险者 @安run 5位小伙伴获得【参半便携漱口水】[打call]请在7日内将自己的收件信息私信给参参，参参会在登记后统一寄出哒~[给心心]
看的视频坚持评论,
看的视频坚持评论,
参半口腔,恭喜@smallkitten @tlcfbb004 @a820649480 @猫猫是个探险者 @安run 5位小伙伴获得【参半便携漱口水】[打call]请在7日内将自己的收件信息私信给参参，参参会在登记后统一寄出哒~[给心心]
看的视频坚持评论,
看的视频坚持评论,
参半口腔,恭喜@smallkitten @tlcfbb004 @a820649480 @猫猫是个探险者 @安run 5位小伙伴获得【参半便携漱口水】[打call]请在7日内将自己的收件信息私信给参参，参参会在登记后统一寄出哒~[给心心]
看的视频坚持评论,
看的视频坚持评论,
参半口腔,恭喜@smallkitten @tlcfbb004 @a820649480 @猫猫是个探险者 @安run 5位小伙伴获得【参半便携漱口水】[打call]请在7日内将自己的收件信息私信给参参，参参会在登记后统一寄出哒~[给心心]
看的视频坚持评论,
看的视频坚持评论,
参半口腔,恭喜@smallkitten @tlcfbb004 @a820649480 @猫猫是个探险者 @安run 5位小伙伴获得【参半便携漱口水】[打call]请在7日内将自己的收件信息私信给参参，参参会在登记后统一寄出哒~[给心心]
看的视频坚持评论,
看的视频坚持评论,
参半口腔,恭喜@smallkitten @tlcfbb004 @a820649480 @猫猫是个探险者 @安run 5位小伙伴获得【参半便携漱口水】[打call]请在7日内将自己的收件信息私信给参参，参参会在登记后统一寄出哒~[给心心]
看的视频坚持评论,
看的视频坚持评论,
参半口腔,恭喜@smallkitten @tlcfbb004 @a820649480 @猫猫是个探险者 @安run 5位小伙伴获得【参半便携漱口水】[打call]请在7日内将自己的收件信息私信给参参，参参会在登记后统一寄出哒~[给心心]
看的视频坚持评论,
看的视频坚持评论,
参半口腔,恭喜@smallkitten @tlcfbb004 @a820649480 @猫猫是个探险者 @安run 5位小伙伴获得【参半便携漱口水】[打call]请在7日内将自己的收件信息私信给参参，参参会在登记后统一寄出哒~[给心心]
看的视频坚持评论,
看的视频坚持评论,
参半口腔,恭喜@smallkitten @tlcfbb004 @a820649480 @猫猫是个探险者 @安run 5位小伙伴获得【参半便携漱口水】[打call]请在7日内将自己的收件信息私信给参参，参参会在登记后统一寄出哒~[给心心]
看的视频坚持评论,
看的视频坚持评论,
流量后台,@被触电了 @溱兮盼兮 @看的视频坚持评论 @安run @azanguorun @九九_Lory @工具人荀彧 @章鱼哥喜欢喝茶 @Kep1us @羽中泪 @东飘雪 @黑刀01
流量后台,@被触电了 @溱兮盼兮 @看的视频坚持评论 @安run @azanguorun @九九_Lory @工具人荀彧 @章鱼哥喜欢喝茶 @Kep1us @羽中泪 @东飘雪 @黑刀01
参半口腔,恭喜@smallkitten @tlcfbb004 @a820649480 @猫猫是个探险者 @安run 5位小伙伴获得【参半便携漱口水】[打call]请在7日内将自己的收件信息私信给参参，参参会在登记后统一寄出哒~[给心心]
看的视频坚持评论,
看的视频坚持评论,
流量后台,@被触电了 @溱兮盼兮 @看的视频坚持评论 @安run @azanguorun @九九_Lory @工具人荀彧 @章鱼哥喜欢喝茶 @Kep1us @羽中泪 @东飘雪 @黑刀01
流量后台,@被触电了 @溱兮盼兮 @看的视频坚持评论 @安run @azanguorun @九九_Lory @工具人荀彧 @章鱼哥喜欢喝茶 @Kep1us @羽中泪 @东飘雪 @黑刀01
流量后台,@被触电了 @溱兮盼兮 @看的视频坚持评论 @安run @azanguorun @九九_Lory @工具人荀彧 @章鱼哥喜欢喝茶 @Kep1us @羽中泪 @东飘雪 @黑刀01
参半口腔,恭喜@smallkitten @tlcfbb004 @a820649480 @猫猫是个探险者 @安run 5位小伙伴获得【参半便携漱口水】[打call]请在7日内将自己的收件信息私信给参参，参参会在登记后统一寄出哒~[给心心]
看的视频坚持评论,
看的视频坚持评论,
流量后台,@被触电了 @溱兮盼兮 @看的视频坚持评论 @安run @azanguorun @九九_Lory @工具人荀彧 @章鱼哥喜欢喝茶 @Kep1us @羽中泪 @东飘雪 @黑刀01
流量后台,@被触电了 @溱兮盼兮 @看的视频坚持评论 @安run @azanguorun @九九_Lory @工具人荀彧 @章鱼哥喜欢喝茶 @Kep1us @羽中泪 @东飘雪 @黑刀01
参半口腔,恭喜@smallkitten @tlcfbb004 @a820649480 @猫猫是个探险者 @安run 5位小伙伴获得【参半便携漱口水】[打call]请在7日内将自己的收件信息私信给参参，参参会在登记后统一寄出哒~[给心心]
看的视频坚持评论,
看的视频坚持评论,
流量后台,@被触电了 @溱兮盼兮 @看的视频坚持评论 @安run @azanguorun @九九_Lory @工具人荀彧 @章鱼哥喜欢喝茶 @Kep1us @羽中泪 @东飘雪 @黑刀01
流量后台,@被触电了 @溱兮盼兮 @看的视频坚持评论 @安run @azanguorun @九九_Lory @工具人荀彧 @章鱼哥喜欢喝茶 @Kep1us @羽中泪 @东飘雪 @黑刀01
流量后台,@被触电了 @溱兮盼兮 @看的视频坚持评论 @安run @azanguorun @九九_Lory @工具人荀彧 @章鱼哥喜欢喝茶 @Kep1us @羽中泪 @东飘雪 @黑刀01
参半口腔,恭喜@smallkitten @tlcfbb004 @a820649480 @猫猫是个探险者 @安run 5位小伙伴获得【参半便携漱口水】[打call]请在7日内将自己的收件信息私信给参参，参参会在登记后统一寄出哒~[给心心]
看的视频坚持评论,
看的视频坚持评论,
流量后台,@被触电了 @溱兮盼兮 @看的视频坚持评论 @安run @azanguorun @九九_Lory @工具人荀彧 @章鱼哥喜欢喝茶 @Kep1us @羽中泪 @东飘雪 @黑刀01
参半口腔,恭喜@smallkitten @tlcfbb004 @a820649480 @猫猫是个探险者 @安run 5位小伙伴获得【参半便携漱口水】[打call]请在7日内将自己的收件信息私信给参参，参参会在登记后统一寄出哒~[给心心]
看的视频坚持评论,
看的视频坚持评论,
流量后台,@被触电了 @溱兮盼兮 @看的视频坚持评论 @安run @azanguorun @九九_Lory @工具人荀彧 @章鱼哥喜欢喝茶 @Kep1us @羽中泪 @东飘雪 @黑刀01
流量后台,@被触电了 @溱兮盼兮 @看的视频坚持评论 @安run @azanguorun @九九_Lory @工具人荀彧 @章鱼哥喜欢喝茶 @Kep1us @羽中泪 @东飘雪 @黑刀01
流量后台,@被触电了 @溱兮盼兮 @看的视频坚持评论 @安run @azanguorun @九九_Lory @工具人荀彧 @章鱼哥喜欢喝茶 @Kep1us @羽中泪 @东飘雪 @黑刀01
参半口腔,恭喜@smallkitten @tlcfbb004 @a820649480 @猫猫是个探险者 @安run 5位小伙伴获得【参半便携漱口水】[打call]请在7日内将自己的收件信息私信给参参，参参会在登记后统一寄出哒~[给心心]
看的视频坚持评论,
看的视频坚持评论,
流量后台,@被触电了 @溱兮盼兮 @看的视频坚持评论 @安run @azanguorun @九九_Lory @工具人荀彧 @章鱼哥喜欢喝茶 @Kep1us @羽中泪 @东飘雪 @黑刀01
参半口腔,恭喜@smallkitten @tlcfbb004 @a820649480 @猫猫是个探险者 @安run 5位小伙伴获得【参半便携漱口水】[打call]请在7日内将自己的收件信息私信给参参，参参会在登记后统一寄出哒~[给心心]
看的视频坚持评论,
看的视频坚持评论,
流量后台,@被触电了 @溱兮盼兮 @看的视频坚持评论 @安run @azanguorun @九九_Lory @工具人荀彧 @章鱼哥喜欢喝茶 @Kep1us @羽中泪 @东飘雪 @黑刀01
流量后台,@被触电了 @溱兮盼兮 @看的视频坚持评论 @安run @azanguorun @九九_Lory @工具人荀彧 @章鱼哥喜欢喝茶 @Kep1us @羽中泪 @东飘雪 @黑刀01
参半口腔,恭喜@smallkitten @tlcfbb004 @a820649480 @猫猫是个探险者 @安run 5位小伙伴获得【参半便携漱口水】[打call]请在7日内将自己的收件信息私信给参参，参参会在登记后统一寄出哒~[给心心]
看的视频坚持评论,
看的视频坚持评论,
流量后台,@被触电了 @溱兮盼兮 @看的视频坚持评论 @安run @azanguorun @九九_Lory @工具人荀彧 @章鱼哥喜欢喝茶 @Kep1us @羽中泪 @东飘雪 @黑刀01
参半口腔,恭喜@smallkitten @tlcfbb004 @a820649480 @猫猫是个探险者 @安run 5位小伙伴获得【参半便携漱口水】[打call]请在7日内将自己的收件信息私信给参参，参参会在登记后统一寄出哒~[给心心]
看的视频坚持评论,
看的视频坚持评论,
流量后台,@被触电了 @溱兮盼兮 @看的视频坚持评论 @安run @azanguorun @九九_Lory @工具人荀彧 @章鱼哥喜欢喝茶 @Kep1us @羽中泪 @东飘雪 @黑刀01
参半口腔,恭喜@smallkitten @tlcfbb004 @a820649480 @猫猫是个探险者 @安run 5位小伙伴获得【参半便携漱口水】[打call]请在7日内将自己的收件信息私信给参参，参参会在登记后统一寄出哒~[给心心]
看的视频坚持评论,
看的视频坚持评论,
流量后台,@被触电了 @溱兮盼兮 @看的视频坚持评论 @安run @azanguorun @九九_Lory @工具人荀彧 @章鱼哥喜欢喝茶 @Kep1us @羽中泪 @东飘雪 @黑刀01
参半口腔,恭喜@smallkitten @tlcfbb004 @a820649480 @猫猫是个探险者 @安run 5位小伙伴获得【参半便携漱口水】[打call]请在7日内将自己的收件信息私信给参参，参参会在登记后统一寄出哒~[给心心]
看的视频坚持评论,
看的视频坚持评论,
流量后台,@被触电了 @溱兮盼兮 @看的视频坚持评论 @安run @azanguorun @九九_Lory @工具人荀彧 @章鱼哥喜欢喝茶 @Kep1us @羽中泪 @东飘雪 @黑刀01
参半口腔,恭喜@smallkitten @tlcfbb004 @a820649480 @猫猫是个探险者 @安run 5位小伙伴获得【参半便携漱口水】[打call]请在7日内将自己的收件信息私信给参参，参参会在登记后统一寄出哒~[给心心]
看的视频坚持评论,
看的视频坚持评论,
流量后台,@被触电了 @溱兮盼兮 @看的视频坚持评论 @安run @azanguorun @九九_Lory @工具人荀彧 @章鱼哥喜欢喝茶 @Kep1us @羽中泪 @东飘雪 @黑刀01
参半口腔,恭喜@smallkitten @tlcfbb004 @a820649480 @猫猫是个探险者 @安run 5位小伙伴获得【参半便携漱口水】[打call]请在7日内将自己的收件信息私信给参参，参参会在登记后统一寄出哒~[给心心]
看的视频坚持评论,
看的视频坚持评论,
流量后台,@被触电了 @溱兮盼兮 @看的视频坚持评论 @安run @azanguorun @九九_Lory @工具人荀彧 @章鱼哥喜欢喝茶 @Kep1us @羽中泪 @东飘雪 @黑刀01
参半口腔,恭喜@smallkitten @tlcfbb004 @a820649480 @猫猫是个探险者 @安run 5位小伙伴获得【参半便携漱口水】[打call]请在7日内将自己的收件信息私信给参参，参参会在登记后统一寄出哒~[给心心]
看的视频坚持评论,
看的视频坚持评论,
流量后台,@被触电了 @溱兮盼兮 @看的视频坚持评论 @安run @azanguorun @九九_Lory @工具人荀彧 @章鱼哥喜欢喝茶 @Kep1us @羽中泪 @东飘雪 @黑刀01
参半口腔,恭喜@smallkitten @tlcfbb004 @a820649480 @猫猫是个探险者 @安run 5位小伙伴获得【参半便携漱口水】[打call]请在7日内将自己的收件信息私信给参参，参参会在登记后统一寄出哒~[给心心]
看的视频坚持评论,
看的视频坚持评论,
流量后台,@被触电了 @溱兮盼兮 @看的视频坚持评论 @安run @azanguorun @九九_Lory @工具人荀彧 @章鱼哥喜欢喝茶 @Kep1us @羽中泪 @东飘雪 @黑刀01
参半口腔,恭喜@smallkitten @tlcfbb004 @a820649480 @猫猫是个探险者 @安run 5位小伙伴获得【参半便携漱口水】[打call]请在7日内将自己的收件信息私信给参参，参参会在登记后统一寄出哒~[给心心]
看的视频坚持评论,
看的视频坚持评论,
流量后台,@被触电了 @溱兮盼兮 @看的视频坚持评论 @安run @azanguorun @九九_Lory @工具人荀彧 @章鱼哥喜欢喝茶 @Kep1us @羽中泪 @东飘雪 @黑刀01
参半口腔,恭喜@smallkitten @tlcfbb004 @a820649480 @猫猫是个探险者 @安run 5位小伙伴获得【参半便携漱口水】[打call]请在7日内将自己的收件信息私信给参参，参参会在登记后统一寄出哒~[给心心]
看的视频坚持评论,
看的视频坚持评论,
流量后台,@被触电了 @溱兮盼兮 @看的视频坚持评论 @安run @azanguorun @九九_Lory @工具人荀彧 @章鱼哥喜欢喝茶 @Kep1us @羽中泪 @东飘雪 @黑刀01
参半口腔,恭喜@smallkitten @tlcfbb004 @a820649480 @猫猫是个探险者 @安run 5位小伙伴获得【参半便携漱口水】[打call]请在7日内将自己的收件信息私信给参参，参参会在登记后统一寄出哒~[给心心]
看的视频坚持评论,
看的视频坚持评论,
流量后台,@被触电了 @溱兮盼兮 @看的视频坚持评论 @安run @azanguorun @九九_Lory @工具人荀彧 @章鱼哥喜欢喝茶 @Kep1us @羽中泪 @东飘雪 @黑刀01
参半口腔,恭喜@smallkitten @tlcfbb004 @a820649480 @猫猫是个探险者 @安run 5位小伙伴获得【参半便携漱口水】[打call]请在7日内将自己的收件信息私信给参参，参参会在登记后统一寄出哒~[给心心]
看的视频坚持评论,
看的视频坚持评论,
流量后台,@被触电了 @溱兮盼兮 @看的视频坚持评论 @安run @azanguorun @九九_Lory @工具人荀彧 @章鱼哥喜欢喝茶 @Kep1us @羽中泪 @东飘雪 @黑刀01
参半口腔,恭喜@smallkitten @tlcfbb004 @a820649480 @猫猫是个探险者 @安run 5位小伙伴获得【参半便携漱口水】[打call]请在7日内将自己的收件信息私信给参参，参参会在登记后统一寄出哒~[给心心]
看的视频坚持评论,
看的视频坚持评论,
流量后台,@被触电了 @溱兮盼兮 @看的视频坚持评论 @安run @azanguorun @九九_Lory @工具人荀彧 @章鱼哥喜欢喝茶 @Kep1us @羽中泪 @东飘雪 @黑刀01
参半口腔,恭喜@smallkitten @tlcfbb004 @a820649480 @猫猫是个探险者 @安run 5位小伙伴获得【参半便携漱口水】[打call]请在7日内将自己的收件信息私信给参参，参参会在登记后统一寄出哒~[给心心]
看的视频坚持评论,
看的视频坚持评论,
流量后台,@被触电了 @溱兮盼兮 @看的视频坚持评论 @安run @azanguorun @九九_Lory @工具人荀彧 @章鱼哥喜欢喝茶 @Kep1us @羽中泪 @东飘雪 @黑刀01
参半口腔,恭喜@smallkitten @tlcfbb004 @a820649480 @猫猫是个探险者 @安run 5位小伙伴获得【参半便携漱口水】[打call]请在7日内将自己的收件信息私信给参参，参参会在登记后统一寄出哒~[给心心]
看的视频坚持评论,
看的视频坚持评论,
流量后台,@被触电了 @溱兮盼兮 @看的视频坚持评论 @安run @azanguorun @九九_Lory @工具人荀彧 @章鱼哥喜欢喝茶 @Kep1us @羽中泪 @东飘雪 @黑刀01
参半口腔,恭喜@smallkitten @tlcfbb004 @a820649480 @猫猫是个探险者 @安run 5位小伙伴获得【参半便携漱口水】[打call]请在7日内将自己的收件信息私信给参参，参参会在登记后统一寄出哒~[给心心]
看的视频坚持评论,
看的视频坚持评论,
流量后台,@被触电了 @溱兮盼兮 @看的视频坚持评论 @安run @azanguorun @九九_Lory @工具人荀彧 @章鱼哥喜欢喝茶 @Kep1us @羽中泪 @东飘雪 @黑刀01
参半口腔,恭喜@smallkitten @tlcfbb004 @a820649480 @猫猫是个探险者 @安run 5位小伙伴获得【参半便携漱口水】[打call]请在7日内将自己的收件信息私信给参参，参参会在登记后统一寄出哒~[给心心]
看的视频坚持评论,
看的视频坚持评论,
流量后台,@被触电了 @溱兮盼兮 @看的视频坚持评论 @安run @azanguorun @九九_Lory @工具人荀彧 @章鱼哥喜欢喝茶 @Kep1us @羽中泪 @东飘雪 @黑刀01
参半口腔,恭喜@smallkitten @tlcfbb004 @a820649480 @猫猫是个探险者 @安run 5位小伙伴获得【参半便携漱口水】[打call]请在7日内将自己的收件信息私信给参参，参参会在登记后统一寄出哒~[给心心]
看的视频坚持评论,
看的视频坚持评论,
流量后台,@被触电了 @溱兮盼兮 @看的视频坚持评论 @安run @azanguorun @九九_Lory @工具人荀彧 @章鱼哥喜欢喝茶 @Kep1us @羽中泪 @东飘雪 @黑刀01
参半口腔,恭喜@smallkitten @tlcfbb004 @a820649480 @猫猫是个探险者 @安run 5位小伙伴获得【参半便携漱口水】[打call]请在7日内将自己的收件信息私信给参参，参参会在登记后统一寄出哒~[给心心]
看的视频坚持评论,
看的视频坚持评论,
流量后台,@被触电了 @溱兮盼兮 @看的视频坚持评论 @安run @azanguorun @九九_Lory @工具人荀彧 @章鱼哥喜欢喝茶 @Kep1us @羽中泪 @东飘雪 @黑刀01
参半口腔,恭喜@smallkitten @tlcfbb004 @a820649480 @猫猫是个探险者 @安run 5位小伙伴获得【参半便携漱口水】[打call]请在7日内将自己的收件信息私信给参参，参参会在登记后统一寄出哒~[给心心]
看的视频坚持评论,
看的视频坚持评论,
流量后台,@被触电了 @溱兮盼兮 @看的视频坚持评论 @安run @azanguorun @九九_Lory @工具人荀彧 @章鱼哥喜欢喝茶 @Kep1us @羽中泪 @东飘雪 @黑刀01
参半口腔,恭喜@smallkitten @tlcfbb004 @a820649480 @猫猫是个探险者 @安run 5位小伙伴获得【参半便携漱口水】[打call]请在7日内将自己的收件信息私信给参参，参参会在登记后统一寄出哒~[给心心]
看的视频坚持评论,
看的视频坚持评论,
流量后台,@被触电了 @溱兮盼兮 @看的视频坚持评论 @安run @azanguorun @九九_Lory @工具人荀彧 @章鱼哥喜欢喝茶 @Kep1us @羽中泪 @东飘雪 @黑刀01
参半口腔,恭喜@smallkitten @tlcfbb004 @a820649480 @猫猫是个探险者 @安run 5位小伙伴获得【参半便携漱口水】[打call]请在7日内将自己的收件信息私信给参参，参参会在登记后统一寄出哒~[给心心]
看的视频坚持评论,
看的视频坚持评论,
流量后台,@被触电了 @溱兮盼兮 @看的视频坚持评论 @安run @azanguorun @九九_Lory @工具人荀彧 @章鱼哥喜欢喝茶 @Kep1us @羽中泪 @东飘雪 @黑刀01
参半口腔,恭喜@smallkitten @tlcfbb004 @a820649480 @猫猫是个探险者 @安run 5位小伙伴获得【参半便携漱口水】[打call]请在7日内将自己的收件信息私信给参参，参参会在登记后统一寄出哒~[给心心]
看的视频坚持评论,
看的视频坚持评论,
流量后台,@被触电了 @溱兮盼兮 @看的视频坚持评论 @安run @azanguorun @九九_Lory @工具人荀彧 @章鱼哥喜欢喝茶 @Kep1us @羽中泪 @东飘雪 @黑刀01
参半口腔,恭喜@smallkitten @tlcfbb004 @a820649480 @猫猫是个探险者 @安run 5位小伙伴获得【参半便携漱口水】[打call]请在7日内将自己的收件信息私信给参参，参参会在登记后统一寄出哒~[给心心]
看的视频坚持评论,
看的视频坚持评论,
流量后台,@被触电了 @溱兮盼兮 @看的视频坚持评论 @安run @azanguorun @九九_Lory @工具人荀彧 @章鱼哥喜欢喝茶 @Kep1us @羽中泪 @东飘雪 @黑刀01
参半口腔,恭喜@smallkitten @tlcfbb004 @a820649480 @猫猫是个探险者 @安run 5位小伙伴获得【参半便携漱口水】[打call]请在7日内将自己的收件信息私信给参参，参参会在登记后统一寄出哒~[给心心]
谨防信息过载,
谨防信息过载,
流量后台,@被触电了 @溱兮盼兮 @看的视频坚持评论 @安run @azanguorun @九九_Lory @工具人荀彧 @章鱼哥喜欢喝茶 @Kep1us @羽中泪 @东飘雪 @黑刀01
参半口腔,恭喜@smallkitten @tlcfbb004 @a820649480 @猫猫是个探险者 @安run 5位小伙伴获得【参半便携漱口水】[打call]请在7日内将自己的收件信息私信给参参，参参会在登记后统一寄出哒~[给心心]
谨防信息过载,
谨防信息过载,
流量后台,@被触电了 @溱兮盼兮 @看的视频坚持评论 @安run @azanguorun @九九_Lory @工具人荀彧 @章鱼哥喜欢喝茶 @Kep1us @羽中泪 @东飘雪 @黑刀01
参半口腔,恭喜@smallkitten @tlcfbb004 @a820649480 @猫猫是个探险者 @安run 5位小伙伴获得【参半便携漱口水】[打call]请在7日内将自己的收件信息私信给参参，参参会在登记后统一寄出哒~[给心心]
谨防信息过载,
谨防信息过载,
流量后台,@被触电了 @溱兮盼兮 @看的视频坚持评论 @安run @azanguorun @九九_Lory @工具人荀彧 @章鱼哥喜欢喝茶 @Kep1us @羽中泪 @东飘雪 @黑刀01
参半口腔,恭喜@smallkitten @tlcfbb004 @a820649480 @猫猫是个探险者 @安run 5位小伙伴获得【参半便携漱口水】[打call]请在7日内将自己的收件信息私信给参参，参参会在登记后统一寄出哒~[给心心]
谨防信息过载,
谨防信息过载,
流量后台,@被触电了 @溱兮盼兮 @看的视频坚持评论 @安run @azanguorun @九九_Lory @工具人荀彧 @章鱼哥喜欢喝茶 @Kep1us @羽中泪 @东飘雪 @黑刀01
参半口腔,恭喜@smallkitten @tlcfbb004 @a820649480 @猫猫是个探险者 @安run 5位小伙伴获得【参半便携漱口水】[打call]请在7日内将自己的收件信息私信给参参，参参会在登记后统一寄出哒~[给心心]
谨防信息过载,
谨防信息过载,
流量后台,@被触电了 @溱兮盼兮 @看的视频坚持评论 @安run @azanguorun @九九_Lory @工具人荀彧 @章鱼哥喜欢喝茶 @Kep1us @羽中泪 @东飘雪 @黑刀01
参半口腔,恭喜@smallkitten @tlcfbb004 @a820649480 @猫猫是个探险者 @安run 5位小伙伴获得【参半便携漱口水】[打call]请在7日内将自己的收件信息私信给参参，参参会在登记后统一寄出哒~[给心心]
谨防信息过载,
谨防信息过载,
流量后台,@被触电了 @溱兮盼兮 @看的视频坚持评论 @安run @azanguorun @九九_Lory @工具人荀彧 @章鱼哥喜欢喝茶 @Kep1us @羽中泪 @东飘雪 @黑刀01
参半口腔,恭喜@smallkitten @tlcfbb004 @a820649480 @猫猫是个探险者 @安run 5位小伙伴获得【参半便携漱口水】[打call]请在7日内将自己的收件信息私信给参参，参参会在登记后统一寄出哒~[给心心]
谨防信息过载,
谨防信息过载,
揭秘流量卡后台,@小叶之行 @谨防信息过载 @安run @夜兮葉兮 @黑tan啊 @下一届诺贝尔奖候选人 @捞鸡的不是大佬 @鵼䳆 @Eric起司弟弟
揭秘流量卡后台,@小叶之行 @谨防信息过载 @安run @夜兮葉兮 @黑tan啊 @下一届诺贝尔奖候选人 @捞鸡的不是大佬 @鵼䳆 @Eric起司弟弟
流量后台,@被触电了 @溱兮盼兮 @看的视频坚持评论 @安run @azanguorun @九九_Lory @工具人荀彧 @章鱼哥喜欢喝茶 @Kep1us @羽中泪 @东飘雪 @黑刀01
参半口腔,恭喜@smallkitten @tlcfbb004 @a820649480 @猫猫是个探险者 @安run 5位小伙伴获得【参半便携漱口水】[打call]请在7日内将自己的收件信息私信给参参，参参会在登记后统一寄出哒~[给心心]
谨防信息过载,
谨防信息过载,
